OG_ID,Component_15,group_id,apul,peve,ptua,type,avg_identity,query,accession,id,reviewed,protein_name,organism,pident,length,evalue,bitscore,title,go_ids,go_bp,go_cc,go_mf,goslim_ids,goslim_names
OG_08097,0.4170203971912721,OG_08097,FUN_035839-T1,Peve_00032500,Pocillopora_meandrina_HIv1___RNAseq.g11958.t2,three_way,68.27866666666667,,,,,,,,,,,,,,,,,
OG_08098,0.3631986232055139,OG_08098,FUN_035840-T1,Peve_00032502,Pocillopora_meandrina_HIv1___RNAseq.g11957.t1,three_way,76.54033333333332,FUN_035840-T1,P38532,HSF1_MOUSE,,Heat shock factor protein 1 (HSF 1) (Heat shock transcription factor 1) (HSTF 1),Mus musculus (Mouse),55.7,176.0,1.1e-44,182.6,sp|P38532|HSF1_MOUSE Heat shock factor protein 1 OS=Mus musculus OX=10090 GN=Hsf1 PE=1 SV=2,GO:0000122; GO:0000165; GO:0000776; GO:0000791; GO:0000792; GO:0000978; GO:0001162; GO:0001227; GO:0001228; GO:0001701; GO:0001892; GO:0003677; GO:0003682; GO:0005634; GO:0005654; GO:0005737; GO:0005813; GO:0005829; GO:0006281; GO:0006397; GO:0006952; GO:0007143; GO:0007283; GO:0007584; GO:0008283; GO:0009408; GO:0010628; GO:0010667; GO:0014823; GO:0016605; GO:0019901; GO:0031072; GO:0031333; GO:0031490; GO:0032496; GO:0032720; GO:0032991; GO:0033574; GO:0034605; GO:0034620; GO:0035865; GO:0040018; GO:0042802; GO:0043565; GO:0045120; GO:0045651; GO:0045931; GO:0045944; GO:0046982; GO:0048471; GO:0050673; GO:0050680; GO:0051028; GO:0051879; GO:0060136; GO:0061770; GO:0062029; GO:0065003; GO:0070301; GO:0071222; GO:0071276; GO:0071280; GO:0071392; GO:0071466; GO:0071480; GO:0072738; GO:0090084; GO:0090261; GO:0097165; GO:0097431; GO:0097677; GO:0098847; GO:0101031; GO:0120162; GO:0140296; GO:1900034; GO:1901652; GO:1902512; GO:1903936; GO:1904385; GO:1904843; GO:1904845; GO:1990841; GO:1990904; GO:1990910; GO:1990911; GO:2001033; GO:2001235,cell population proliferation [GO:0008283]; cellular response to angiotensin [GO:1904385]; cellular response to cadmium ion [GO:0071276]; cellular response to copper ion [GO:0071280]; cellular response to diamide [GO:0072738]; cellular response to estradiol stimulus [GO:0071392]; cellular response to gamma radiation [GO:0071480]; cellular response to heat [GO:0034605]; cellular response to hydrogen peroxide [GO:0070301]; cellular response to L-glutamine [GO:1904845]; cellular response to lipopolysaccharide [GO:0071222]; cellular response to nitroglycerin [GO:1904843]; cellular response to potassium ion [GO:0035865]; cellular response to sodium arsenite [GO:1903936]; cellular response to unfolded protein [GO:0034620]; cellular response to xenobiotic stimulus [GO:0071466]; defense response [GO:0006952]; DNA repair [GO:0006281]; embryonic placenta development [GO:0001892]; embryonic process involved in female pregnancy [GO:0060136]; epithelial cell proliferation [GO:0050673]; female meiotic nuclear division [GO:0007143]; in utero embryonic development [GO:0001701]; MAPK cascade [GO:0000165]; mRNA processing [GO:0006397]; mRNA transport [GO:0051028]; negative regulation of cardiac muscle cell apoptotic process [GO:0010667]; negative regulation of double-strand break repair via nonhomologous end joining [GO:2001033]; negative regulation of epithelial cell proliferation [GO:0050680]; negative regulation of inclusion body assembly [GO:0090084]; negative regulation of protein-containing complex assembly [GO:0031333]; negative regulation of transcription by RNA polymerase II [GO:0000122]; negative regulation of tumor necrosis factor production [GO:0032720]; positive regulation of apoptotic DNA fragmentation [GO:1902512]; positive regulation of apoptotic signaling pathway [GO:2001235]; positive regulation of cold-induced thermogenesis [GO:0120162]; positive regulation of gene expression [GO:0010628]; positive regulation of inclusion body assembly [GO:0090261]; positive regulation of macrophage differentiation [GO:0045651]; positive regulation of mitotic cell cycle [GO:0045931]; positive regulation of multicellular organism growth [GO:0040018]; positive regulation of stress granule assembly [GO:0062029]; positive regulation of transcription by RNA polymerase II [GO:0045944]; protein-containing complex assembly [GO:0065003]; regulation of cellular response to heat [GO:1900034]; response to activity [GO:0014823]; response to heat [GO:0009408]; response to hypobaric hypoxia [GO:1990910]; response to lipopolysaccharide [GO:0032496]; response to nutrient [GO:0007584]; response to peptide [GO:1901652]; response to psychosocial stress [GO:1990911]; response to testosterone [GO:0033574]; spermatogenesis [GO:0007283],centrosome [GO:0005813]; cytoplasm [GO:0005737]; cytosol [GO:0005829]; euchromatin [GO:0000791]; heterochromatin [GO:0000792]; kinetochore [GO:0000776]; mitotic spindle pole [GO:0097431]; nuclear stress granule [GO:0097165]; nucleoplasm [GO:0005654]; nucleus [GO:0005634]; perinuclear region of cytoplasm [GO:0048471]; PML body [GO:0016605]; pronucleus [GO:0045120]; protein folding chaperone complex [GO:0101031]; protein-containing complex [GO:0032991]; ribonucleoprotein complex [GO:1990904],"chromatin binding [GO:0003682]; chromatin DNA binding [GO:0031490]; DNA binding [GO:0003677]; DNA-binding transcription activator activity, RNA polymerase II-specific [GO:0001228]; DNA-binding transcription repressor activity, RNA polymerase II-specific [GO:0001227]; general transcription initiation factor binding [GO:0140296]; heat shock protein binding [GO:0031072]; Hsp90 protein binding [GO:0051879]; identical protein binding [GO:0042802]; promoter-specific chromatin binding [GO:1990841]; protein heterodimerization activity [GO:0046982]; protein kinase binding [GO:0019901]; RNA polymerase II cis-regulatory region sequence-specific DNA binding [GO:0000978]; RNA polymerase II intronic transcription regulatory region sequence-specific DNA binding [GO:0001162]; sequence-specific DNA binding [GO:0043565]; sequence-specific single stranded DNA binding [GO:0098847]; STAT family protein binding [GO:0097677]; translation elongation factor binding [GO:0061770]",GO:0003677; GO:0005634; GO:0005654; GO:0005815; GO:0005829; GO:0006281; GO:0006355; GO:0016071; GO:0022414; GO:0043226; GO:0048856; GO:0065003; GO:0140013; GO:0140110,DNA binding; nucleus; nucleoplasm; microtubule organizing center; cytosol; DNA repair; regulation of DNA-templated transcription; mRNA metabolic process; reproductive process; organelle; anatomical structure development; protein-containing complex assembly; meiotic nuclear division; transcription regulator activity
OG_00082,0.3371204145558606,OG_00082,FUN_000411-T1,Peve_00010961,Pocillopora_meandrina_HIv1___RNAseq.g2317.t1,three_way,32.01166666666666,,,,,,,,,,,,,,,,,
OG_00767,0.3323946498309735,OG_00767,FUN_003693-T1,Peve_00040660,Pocillopora_meandrina_HIv1___RNAseq.g30052.t1,three_way,45.812,FUN_003693-T1,P06582,,,,,43.8,80.0,2.9e-12,75.1,sp|P06582|HSP12_CAEEL Heat shock protein hsp-16.2 OS=Caenorhabditis elegans OX=6239 GN=hsp-16.2 PE=2 SV=1,,,,,,
OG_09440,0.3141727464866556,OG_09440,FUN_041426-T1,Peve_00008987,Pocillopora_meandrina_HIv1___RNAseq.g15735.t2,three_way,80.48633333333333,FUN_041426-T1,P97360,ETV6_MOUSE,,Transcription factor ETV6 (ETS translocation variant 6) (ETS-related protein Tel1) (Tel),Mus musculus (Mouse),44.6,65.0,1.7e-11,70.9,sp|P97360|ETV6_MOUSE Transcription factor ETV6 OS=Mus musculus OX=10090 GN=Etv6 PE=1 SV=1,GO:0000978; GO:0001227; GO:0001228; GO:0003677; GO:0003700; GO:0005730; GO:0005829; GO:0006355; GO:0007296; GO:0019904; GO:0022008; GO:0030154; GO:0045944; GO:0071425; GO:0097152,cell differentiation [GO:0030154]; hematopoietic stem cell proliferation [GO:0071425]; mesenchymal cell apoptotic process [GO:0097152]; neurogenesis [GO:0022008]; positive regulation of transcription by RNA polymerase II [GO:0045944]; regulation of DNA-templated transcription [GO:0006355]; vitellogenesis [GO:0007296],cytosol [GO:0005829]; nucleolus [GO:0005730],"DNA binding [GO:0003677]; DNA-binding transcription activator activity, RNA polymerase II-specific [GO:0001228]; DNA-binding transcription factor activity [GO:0003700]; DNA-binding transcription repressor activity, RNA polymerase II-specific [GO:0001227]; protein domain specific binding [GO:0019904]; RNA polymerase II cis-regulatory region sequence-specific DNA binding [GO:0000978]",GO:0003677; GO:0005730; GO:0005829; GO:0006355; GO:0012501; GO:0030154; GO:0043226; GO:0140110,DNA binding; nucleolus; cytosol; regulation of DNA-templated transcription; programmed cell death; cell differentiation; organelle; transcription regulator activity
OG_04783,0.3068108163313451,OG_04783,FUN_022694-T1,Peve_00045101,Pocillopora_meandrina_HIv1___RNAseq.g4831.t1,three_way,58.6035,,,,,,,,,,,,,,,,,
OG_04693,0.2997247131376215,OG_04693,FUN_022485-T1,Peve_00002925,Pocillopora_meandrina_HIv1___RNAseq.g4293.t1,three_way,88.12733333333333,,,,,,,,,,,,,,,,,
OG_02907,0.2973612122817463,OG_02907,FUN_011984-T1,Peve_00000523,Pocillopora_meandrina_HIv1___TS.g16589.t1,three_way,64.19166666666666,FUN_011984-T1,Q8JHI3,AR13B_DANRE,,ADP-ribosylation factor-like protein 13B (ADP-ribosylation factor-like protein 2-like 1) (ARL2-like protein 1) (Protein scorpion),Danio rerio (Zebrafish) (Brachydanio rerio),53.8,208.0,2.4999999999999997e-62,241.1,sp|Q8JHI3|AR13B_DANRE ADP-ribosylation factor-like protein 13B OS=Danio rerio OX=7955 GN=arl13b PE=1 SV=1,GO:0003924; GO:0005525; GO:0005929; GO:0007224; GO:0021532; GO:0021830; GO:0021943; GO:0031514; GO:0035845; GO:0060170; GO:0060271; GO:0097500; GO:0097730; GO:1905515,cilium assembly [GO:0060271]; formation of radial glial scaffolds [GO:0021943]; interneuron migration from the subpallium to the cortex [GO:0021830]; neural tube patterning [GO:0021532]; non-motile cilium assembly [GO:1905515]; photoreceptor cell outer segment organization [GO:0035845]; receptor localization to non-motile cilium [GO:0097500]; smoothened signaling pathway [GO:0007224],ciliary membrane [GO:0060170]; cilium [GO:0005929]; motile cilium [GO:0031514]; non-motile cilium [GO:0097730],GTP binding [GO:0005525]; GTPase activity [GO:0003924],GO:0003824; GO:0003924; GO:0005929; GO:0016787; GO:0043226; GO:0044782; GO:0048870,catalytic activity; GTPase activity; cilium; hydrolase activity; organelle; cilium organization; cell motility
OG_06046,0.2941088118778537,OG_06046,FUN_026714-T1,Peve_00018519,Pocillopora_meandrina_HIv1___RNAseq.g9373.t1,three_way,56.48,FUN_026714-T1,Q96EW2,,,,,42.0,138.0,4.4e-20,99.4,sp|Q96EW2|HBAP1_HUMAN HSPB1-associated protein 1 OS=Homo sapiens OX=9606 GN=HSPBAP1 PE=1 SV=1,,,,,,
OG_01583,0.2935264093613385,OG_01583,FUN_006619-T1,Peve_00040865,Pocillopora_meandrina_HIv1___RNAseq.g20179.t1,three_way,71.24033333333334,FUN_006619-T1,Q92598,HS105_HUMAN,,Heat shock protein 105 kDa (Antigen NY-CO-25) (Heat shock 110 kDa protein) (Heat shock protein family H member 1),Homo sapiens (Human),51.3,686.0,5.6e-181,636.0,sp|Q92598|HS105_HUMAN Heat shock protein 105 kDa OS=Homo sapiens OX=9606 GN=HSPH1 PE=1 SV=1,GO:0000774; GO:0005524; GO:0005576; GO:0005634; GO:0005654; GO:0005737; GO:0005829; GO:0005874; GO:0006457; GO:0006986; GO:0032991; GO:0043014; GO:0045345; GO:0051085; GO:0051135; GO:0070062; GO:0071682; GO:0140662,chaperone cofactor-dependent protein refolding [GO:0051085]; positive regulation of MHC class I biosynthetic process [GO:0045345]; positive regulation of NK T cell activation [GO:0051135]; protein folding [GO:0006457]; response to unfolded protein [GO:0006986],cytoplasm [GO:0005737]; cytosol [GO:0005829]; endocytic vesicle lumen [GO:0071682]; extracellular exosome [GO:0070062]; extracellular region [GO:0005576]; microtubule [GO:0005874]; nucleoplasm [GO:0005654]; nucleus [GO:0005634]; protein-containing complex [GO:0032991],adenyl-nucleotide exchange factor activity [GO:0000774]; alpha-tubulin binding [GO:0043014]; ATP binding [GO:0005524]; ATP-dependent protein folding chaperone [GO:0140662],GO:0005576; GO:0005634; GO:0005654; GO:0005829; GO:0006457; GO:0008092; GO:0043226; GO:0044183; GO:0098772; GO:0140657,extracellular region; nucleus; nucleoplasm; cytosol; protein folding; cytoskeletal protein binding; organelle; protein folding chaperone; molecular function regulator activity; ATP-dependent activity
OG_05777,0.2922167847818202,OG_05777,FUN_025746-T1,Peve_00008534,Pocillopora_meandrina_HIv1___RNAseq.g10426.t1,three_way,57.30083333333333,FUN_025746-T1,Q6P132,,,,,40.8,152.0,1.9999999999999998e-32,142.9,sp|Q6P132|TXB1B_DANRE Tax1-binding protein 1 homolog B OS=Danio rerio OX=7955 GN=tax1bp1b PE=2 SV=3,,,,,,
OG_08614,0.2899892391666657,OG_08614,FUN_037761-T1,Peve_00014333,Pocillopora_meandrina_HIv1___RNAseq.g1495.t2a,three_way,37.405,,,,,,,,,,,,,,,,,
OG_07872,0.2881178879657013,OG_07872,FUN_035231-T1,Peve_00044486,Pocillopora_meandrina_HIv1___RNAseq.g27905.t1,three_way,73.57433333333333,,,,,,,,,,,,,,,,,
OG_06271,0.2874724036431679,OG_06271,FUN_028303-T1,Peve_00027867,Pocillopora_meandrina_HIv1___RNAseq.g15547.t1,three_way,85.15633333333334,FUN_028303-T1,Q32LN4,CFA45_BOVIN,,Cilia- and flagella-associated protein 45,Bos taurus (Bovine),35.3,547.0,1e-17,93.2,sp|Q32LN4|CFA45_BOVIN Cilia- and flagella-associated protein 45 OS=Bos taurus OX=9913 GN=CFAP45 PE=1 SV=2,GO:0005576; GO:0005879; GO:0016208; GO:0030317; GO:0036126; GO:0060287; GO:0060296; GO:0061966; GO:0090660; GO:0097728; GO:0160112,cerebrospinal fluid circulation [GO:0090660]; epithelial cilium movement involved in determination of left/right asymmetry [GO:0060287]; establishment of left/right asymmetry [GO:0061966]; flagellated sperm motility [GO:0030317]; regulation of cilium beat frequency involved in ciliary motility [GO:0060296],9+0 motile cilium [GO:0097728]; axonemal B tubule inner sheath [GO:0160112]; axonemal microtubule [GO:0005879]; extracellular region [GO:0005576]; sperm flagellum [GO:0036126],AMP binding [GO:0016208],GO:0005576; GO:0005929; GO:0007018; GO:0022414; GO:0043226; GO:0048870; GO:0050877,extracellular region; cilium; microtubule-based movement; reproductive process; organelle; cell motility; nervous system process
OG_07050,0.2852502344221979,OG_07050,FUN_032270-T1,Peve_00014263,Pocillopora_meandrina_HIv1___RNAseq.g24972.t1,three_way,76.632,,,,,,,,,,,,,,,,,
OG_07118,0.2817685509143447,OG_07118,FUN_032395-T1,Peve_00036447,Pocillopora_meandrina_HIv1___RNAseq.g29833.t1,three_way,64.09349999999999,FUN_032395-T1,Q76LC6,RBM24_DANRE,,RNA-binding protein 24 (RNA-binding motif protein 24) (RNA-binding protein SEB-4),Danio rerio (Zebrafish) (Brachydanio rerio),61.8,89.0,7.2e-27,122.5,sp|Q76LC6|RBM24_DANRE RNA-binding protein 24 OS=Danio rerio OX=7955 GN=rbm24 PE=2 SV=1,GO:0000381; GO:0001654; GO:0001756; GO:0001947; GO:0003228; GO:0003723; GO:0003730; GO:0005634; GO:0005737; GO:0005829; GO:0006397; GO:0006974; GO:0007519; GO:0008380; GO:0010830; GO:0010831; GO:0035315; GO:0035925; GO:0043488; GO:0045663; GO:0048255; GO:0048702; GO:0060297; GO:0060298; GO:0061157; GO:0061158; GO:0071599; GO:0072359; GO:0097157; GO:1902811; GO:1905870; GO:1990715; GO:1990825; GO:2000738; GO:2000766,"3'-UTR-mediated mRNA destabilization [GO:0061158]; atrial cardiac muscle tissue development [GO:0003228]; circulatory system development [GO:0072359]; DNA damage response [GO:0006974]; embryonic neurocranium morphogenesis [GO:0048702]; eye development [GO:0001654]; hair cell differentiation [GO:0035315]; heart looping [GO:0001947]; mRNA destabilization [GO:0061157]; mRNA processing [GO:0006397]; mRNA stabilization [GO:0048255]; negative regulation of cytoplasmic translation [GO:2000766]; otic vesicle development [GO:0071599]; positive regulation of 3'-UTR-mediated mRNA stabilization [GO:1905870]; positive regulation of myoblast differentiation [GO:0045663]; positive regulation of myotube differentiation [GO:0010831]; positive regulation of sarcomere organization [GO:0060298]; positive regulation of skeletal muscle fiber differentiation [GO:1902811]; positive regulation of stem cell differentiation [GO:2000738]; regulation of alternative mRNA splicing, via spliceosome [GO:0000381]; regulation of mRNA stability [GO:0043488]; regulation of myotube differentiation [GO:0010830]; regulation of sarcomere organization [GO:0060297]; RNA splicing [GO:0008380]; skeletal muscle tissue development [GO:0007519]; somitogenesis [GO:0001756]",cytoplasm [GO:0005737]; cytosol [GO:0005829]; nucleus [GO:0005634],mRNA 3'-UTR AU-rich region binding [GO:0035925]; mRNA 3'-UTR binding [GO:0003730]; mRNA CDS binding [GO:1990715]; pre-mRNA intronic binding [GO:0097157]; RNA binding [GO:0003723]; sequence-specific mRNA binding [GO:1990825],GO:0003723; GO:0005634; GO:0005829; GO:0016071; GO:0030154; GO:0043226; GO:0048856,RNA binding; nucleus; cytosol; mRNA metabolic process; cell differentiation; organelle; anatomical structure development
OG_01995,0.2808080964661372,OG_01995,FUN_008104-T1,Peve_00019588,Pocillopora_meandrina_HIv1___RNAseq.g17898.t1,three_way,90.90516666666667,FUN_008104-T1,O57521,HS90B_DANRE,,Heat shock protein HSP 90-beta,Danio rerio (Zebrafish) (Brachydanio rerio),82.0,727.0,2.3e-304,1045.8,sp|O57521|HS90B_DANRE Heat shock protein HSP 90-beta OS=Danio rerio OX=7955 GN=hsp90ab1 PE=1 SV=2,GO:0001568; GO:0005524; GO:0005576; GO:0005634; GO:0005737; GO:0005829; GO:0005886; GO:0006457; GO:0007517; GO:0016887; GO:0030511; GO:0032435; GO:0032991; GO:0034605; GO:0034751; GO:0043627; GO:0046983; GO:0048471; GO:0050821; GO:0050900; GO:0051082; GO:0051726; GO:0120293; GO:0140662; GO:0141069,blood vessel development [GO:0001568]; cellular response to heat [GO:0034605]; leukocyte migration [GO:0050900]; muscle organ development [GO:0007517]; negative regulation of proteasomal ubiquitin-dependent protein catabolic process [GO:0032435]; positive regulation of transforming growth factor beta receptor signaling pathway [GO:0030511]; protein folding [GO:0006457]; protein stabilization [GO:0050821]; regulation of cell cycle [GO:0051726]; response to estrogen [GO:0043627],aryl hydrocarbon receptor complex [GO:0034751]; cytoplasm [GO:0005737]; cytosol [GO:0005829]; dynein axonemal particle [GO:0120293]; extracellular region [GO:0005576]; nucleus [GO:0005634]; perinuclear region of cytoplasm [GO:0048471]; plasma membrane [GO:0005886]; protein-containing complex [GO:0032991],ATP binding [GO:0005524]; ATP hydrolysis activity [GO:0016887]; ATP-dependent protein folding chaperone [GO:0140662]; protein dimerization activity [GO:0046983]; receptor ligand inhibitor activity [GO:0141069]; unfolded protein binding [GO:0051082],GO:0002376; GO:0003824; GO:0005576; GO:0005634; GO:0005829; GO:0005886; GO:0006457; GO:0016787; GO:0043226; GO:0044183; GO:0048856; GO:0048870; GO:0098772; GO:0140657,immune system process; catalytic activity; extracellular region; nucleus; cytosol; plasma membrane; protein folding; hydrolase activity; organelle; protein folding chaperone; anatomical structure development; cell motility; molecular function regulator activity; ATP-dependent activity
OG_01897,0.2789410382660518,OG_01897,FUN_007904-T1,Peve_00040656,Pocillopora_meandrina_HIv1___RNAseq.g30059.t1,three_way,60.9685,FUN_007904-T1,P06582,,,,,37.0,100.0,1.1e-11,72.0,sp|P06582|HSP12_CAEEL Heat shock protein hsp-16.2 OS=Caenorhabditis elegans OX=6239 GN=hsp-16.2 PE=2 SV=1,,,,,,
OG_06880,0.2775514490780225,OG_06880,FUN_031900-T1,Peve_00037707,Pocillopora_meandrina_HIv1___RNAseq.21387_t,three_way,70.62066666666666,FUN_031900-T1,Q00168,,,,,39.0,264.0,1.4e-53,211.5,sp|Q00168|KCC2A_DROME Calcium/calmodulin-dependent protein kinase type II alpha chain OS=Drosophila melanogaster OX=7227 GN=CaMKII PE=1 SV=1,,,,,,
OG_02948,0.2774145301150996,OG_02948,FUN_012066-T1,Peve_00004089,Pocillopora_meandrina_HIv1___RNAseq.g23637.t1,three_way,63.71233333333333,FUN_012066-T1,Q7Z020,,,,,25.4,562.0,7.2e-37,157.9,sp|Q7Z020|TRPA1_DROME Transient receptor potential cation channel subfamily A member 1 OS=Drosophila melanogaster OX=7227 GN=TrpA1 PE=1 SV=4,,,,,,
OG_03659,0.2747531598555786,OG_03659,FUN_014896-T1,Peve_00003546,Pocillopora_meandrina_HIv1___RNAseq.g21104.t1,three_way,65.60683333333333,FUN_014896-T1,Q69ZX6,MOR2A_MOUSE,,ATPase MORC2A (EC 3.6.1.-) (MORC family CW-type zinc finger protein 2A) (Zinc finger CW-type coiled-coil domain protein 1),Mus musculus (Mouse),41.3,920.0,5.7999999999999996e-151,536.6,sp|Q69ZX6|MOR2A_MOUSE ATPase MORC2A OS=Mus musculus OX=10090 GN=Morc2a PE=1 SV=2,GO:0000287; GO:0000792; GO:0003682; GO:0005524; GO:0005634; GO:0005737; GO:0005829; GO:0006338; GO:0006974; GO:0008270; GO:0016363; GO:0016887; GO:0042393; GO:0042803; GO:0140719; GO:0141005,chromatin remodeling [GO:0006338]; constitutive heterochromatin formation [GO:0140719]; DNA damage response [GO:0006974]; transposable element silencing by heterochromatin formation [GO:0141005],cytoplasm [GO:0005737]; cytosol [GO:0005829]; heterochromatin [GO:0000792]; nuclear matrix [GO:0016363]; nucleus [GO:0005634],ATP binding [GO:0005524]; ATP hydrolysis activity [GO:0016887]; chromatin binding [GO:0003682]; histone binding [GO:0042393]; magnesium ion binding [GO:0000287]; protein homodimerization activity [GO:0042803]; zinc ion binding [GO:0008270],GO:0003824; GO:0005634; GO:0005829; GO:0006325; GO:0016787; GO:0042393; GO:0043226,catalytic activity; nucleus; cytosol; chromatin organization; hydrolase activity; histone binding; organelle
OG_03670,0.2685560020991855,OG_03670,FUN_014912-T1,Peve_00003532,Pocillopora_meandrina_HIv1___RNAseq.g21075.t1,three_way,60.845,,,,,,,,,,,,,,,,,
OG_06842,0.2674495133970172,OG_06842,FUN_031782-T1,Peve_00010427,Pocillopora_meandrina_HIv1___RNAseq.g5565.t1,three_way,65.31783333333333,FUN_031782-T1,P29176,,,,,44.2,77.0,1.2e-06,55.1,sp|P29176|FOSX_MSVFR Transforming protein v-Fos/v-Fox OS=FBR murine osteosarcoma virus OX=353765 GN=FOS-FOX PE=3 SV=1,,,,,,
OG_02666,0.2673666863136567,OG_02666,FUN_010885-T1,Peve_00035837,Pocillopora_meandrina_HIv1___RNAseq.g21004.t1,three_way,46.05866666666667,FUN_010885-T1,Q5VXM1,,,,,36.7,109.0,4e-09,64.7,sp|Q5VXM1|CDCP2_HUMAN CUB domain-containing protein 2 OS=Homo sapiens OX=9606 GN=CDCP2 PE=2 SV=2,,,,,,
OG_08301,0.2656630775488196,OG_08301,FUN_036251-T1,Peve_00045290,Pocillopora_meandrina_HIv1___RNAseq.g27588.t1,three_way,74.035,FUN_036251-T1,P20042,IF2B_HUMAN,,Eukaryotic translation initiation factor 2 subunit 2 (Eukaryotic translation initiation factor 2 subunit beta) (eIF2-beta),Homo sapiens (Human),85.7,168.0,3.3000000000000003e-80,300.1,sp|P20042|IF2B_HUMAN Eukaryotic translation initiation factor 2 subunit 2 OS=Homo sapiens OX=9606 GN=EIF2S2 PE=1 SV=2,GO:0001701; GO:0001731; GO:0002176; GO:0002183; GO:0003723; GO:0003729; GO:0003743; GO:0005737; GO:0005829; GO:0005850; GO:0006413; GO:0008135; GO:0008270; GO:0008584; GO:0031369; GO:0045202,cytoplasmic translational initiation [GO:0002183]; formation of translation preinitiation complex [GO:0001731]; in utero embryonic development [GO:0001701]; male germ cell proliferation [GO:0002176]; male gonad development [GO:0008584]; translational initiation [GO:0006413],cytoplasm [GO:0005737]; cytosol [GO:0005829]; eukaryotic translation initiation factor 2 complex [GO:0005850]; synapse [GO:0045202],"mRNA binding [GO:0003729]; RNA binding [GO:0003723]; translation factor activity, RNA binding [GO:0008135]; translation initiation factor activity [GO:0003743]; translation initiation factor binding [GO:0031369]; zinc ion binding [GO:0008270]",GO:0003723; GO:0005829; GO:0022414; GO:0048856; GO:0065003,RNA binding; cytosol; reproductive process; anatomical structure development; protein-containing complex assembly
OG_07934,0.2644350347186976,OG_07934,FUN_035428-T1,Peve_00007632,Pocillopora_meandrina_HIv1___RNAseq.g27576.t1,three_way,53.50966666666667,,,,,,,,,,,,,,,,,
OG_02805,0.2633273910021252,OG_02805,FUN_011776-T1,Peve_00006118,Pocillopora_meandrina_HIv1___RNAseq.g23292.t1,three_way,81.48183333333333,FUN_011776-T1,Q01196,RUNX1_HUMAN,,Runt-related transcription factor 1 (Acute myeloid leukemia 1 protein) (Core-binding factor subunit alpha-2) (CBF-alpha-2) (Oncogene AML-1) (Polyomavirus enhancer-binding protein 2 alpha B subunit) (PEA2-alpha B) (PEBP2-alpha B) (SL3-3 enhancer factor 1 alpha B subunit) (SL3/AKV core-binding factor alpha B subunit),Homo sapiens (Human),48.8,320.0,7.1e-71,269.6,sp|Q01196|RUNX1_HUMAN Runt-related transcription factor 1 OS=Homo sapiens OX=9606 GN=RUNX1 PE=1 SV=3,GO:0000122; GO:0000785; GO:0000976; GO:0000977; GO:0000978; GO:0000981; GO:0001222; GO:0001223; GO:0001228; GO:0001503; GO:0002062; GO:0002573; GO:0003677; GO:0003700; GO:0005509; GO:0005524; GO:0005634; GO:0005654; GO:0006357; GO:0010755; GO:0016513; GO:0030097; GO:0030099; GO:0030182; GO:0030853; GO:0030854; GO:0032743; GO:0032967; GO:0042803; GO:0043231; GO:0043371; GO:0043378; GO:0045595; GO:0045766; GO:0045893; GO:0045944; GO:0046982; GO:0048935; GO:0060043; GO:0061026; GO:0071425; GO:0140297; GO:1903055; GO:1905203,"cardiac muscle tissue regeneration [GO:0061026]; chondrocyte differentiation [GO:0002062]; hematopoietic stem cell proliferation [GO:0071425]; hemopoiesis [GO:0030097]; myeloid cell differentiation [GO:0030099]; myeloid leukocyte differentiation [GO:0002573]; negative regulation of CD4-positive, alpha-beta T cell differentiation [GO:0043371]; negative regulation of granulocyte differentiation [GO:0030853]; negative regulation of transcription by RNA polymerase II [GO:0000122]; neuron differentiation [GO:0030182]; ossification [GO:0001503]; peripheral nervous system neuron development [GO:0048935]; positive regulation of angiogenesis [GO:0045766]; positive regulation of CD8-positive, alpha-beta T cell differentiation [GO:0043378]; positive regulation of collagen biosynthetic process [GO:0032967]; positive regulation of DNA-templated transcription [GO:0045893]; positive regulation of extracellular matrix organization [GO:1903055]; positive regulation of granulocyte differentiation [GO:0030854]; positive regulation of interleukin-2 production [GO:0032743]; positive regulation of transcription by RNA polymerase II [GO:0045944]; regulation of cardiac muscle cell proliferation [GO:0060043]; regulation of cell differentiation [GO:0045595]; regulation of connective tissue replacement [GO:1905203]; regulation of plasminogen activation [GO:0010755]; regulation of transcription by RNA polymerase II [GO:0006357]",chromatin [GO:0000785]; core-binding factor complex [GO:0016513]; intracellular membrane-bounded organelle [GO:0043231]; nucleoplasm [GO:0005654]; nucleus [GO:0005634],"ATP binding [GO:0005524]; calcium ion binding [GO:0005509]; DNA binding [GO:0003677]; DNA-binding transcription activator activity, RNA polymerase II-specific [GO:0001228]; DNA-binding transcription factor activity [GO:0003700]; DNA-binding transcription factor activity, RNA polymerase II-specific [GO:0000981]; DNA-binding transcription factor binding [GO:0140297]; protein heterodimerization activity [GO:0046982]; protein homodimerization activity [GO:0042803]; RNA polymerase II cis-regulatory region sequence-specific DNA binding [GO:0000978]; RNA polymerase II transcription regulatory region sequence-specific DNA binding [GO:0000977]; transcription cis-regulatory region binding [GO:0000976]; transcription coactivator binding [GO:0001223]; transcription corepressor binding [GO:0001222]",GO:0003677; GO:0005634; GO:0005654; GO:0006355; GO:0030154; GO:0043226; GO:0048856; GO:0140110,DNA binding; nucleus; nucleoplasm; regulation of DNA-templated transcription; cell differentiation; organelle; anatomical structure development; transcription regulator activity
OG_08566,0.2594285530850015,OG_08566,FUN_037567-T1,Peve_00035306,Pocillopora_meandrina_HIv1___RNAseq.g1583.t1,three_way,65.91883333333334,FUN_037567-T1,Q6DDX3,,,,,42.9,77.0,8.7e-12,72.8,sp|Q6DDX3|F19XB_XENLA Protein FAM199X-B OS=Xenopus laevis OX=8355 GN=fam199x-b PE=2 SV=1,,,,,,
OG_01190,0.2577429413118755,OG_01190,FUN_004844-T1,Peve_00019431,Pocillopora_meandrina_HIv1___RNAseq.g8621.t1,three_way,65.215,,,,,,,,,,,,,,,,,
OG_03145,0.2556267671574477,OG_03145,FUN_012531-T1,Peve_00013910,Pocillopora_meandrina_HIv1___RNAseq.g23956.t1c,three_way,73.822,FUN_012531-T1,Q32LP2,RADI_BOVIN,,Radixin,Bos taurus (Bovine),71.5,583.0,2.8e-132,473.8,sp|Q32LP2|RADI_BOVIN Radixin OS=Bos taurus OX=9913 GN=RDX PE=2 SV=1,GO:0003779; GO:0005737; GO:0005856; GO:0005886; GO:0005902; GO:0005912; GO:0008360; GO:0030175; GO:0032154; GO:0045177; GO:0050839; GO:0051693; GO:0120044; GO:1902115; GO:1902966; GO:2000643,actin filament capping [GO:0051693]; positive regulation of early endosome to late endosome transport [GO:2000643]; positive regulation of protein localization to early endosome [GO:1902966]; regulation of cell shape [GO:0008360]; regulation of organelle assembly [GO:1902115],adherens junction [GO:0005912]; apical part of cell [GO:0045177]; cleavage furrow [GO:0032154]; cytoplasm [GO:0005737]; cytoskeleton [GO:0005856]; filopodium [GO:0030175]; microvillus [GO:0005902]; plasma membrane [GO:0005886]; stereocilium base [GO:0120044],actin binding [GO:0003779]; cell adhesion molecule binding [GO:0050839],GO:0005856; GO:0005886; GO:0008092; GO:0043226,cytoskeleton; plasma membrane; cytoskeletal protein binding; organelle
OG_00163,0.2543714471658709,OG_00163,FUN_000637-T1,Peve_00012867,Pocillopora_meandrina_HIv1___RNAseq.g16016.t1,three_way,83.68833333333333,FUN_000637-T1,O97125,,,,,74.2,613.0,9.1e-265,914.1,sp|O97125|HSP68_DROME Heat shock protein 68 OS=Drosophila melanogaster OX=7227 GN=Hsp68 PE=1 SV=1,,,,,,
OG_06626,0.2517042576480331,OG_06626,FUN_030056-T1,Peve_00040199,Pocillopora_meandrina_HIv1___RNAseq.g17348.t1,three_way,57.199666666666666,,,,,,,,,,,,,,,,,
OG_03975,0.2514173066362622,OG_03975,FUN_016129-T1,Peve_00013443,Pocillopora_meandrina_HIv1___TS.g26226.t1,three_way,44.653,,,,,,,,,,,,,,,,,
OG_04371,0.2507520329120338,OG_04371,FUN_018030-T1,Peve_00017616,Pocillopora_meandrina_HIv1___RNAseq.g25339.t1,three_way,71.04333333333334,FUN_018030-T1,P59054,CSRN1_MOUSE,,Cysteine/serine-rich nuclear protein 1 (CSRNP-1) (Axin-1 up-regulated gene 1 protein) (TGF-beta-induced apoptosis protein 3) (TAIP-3),Mus musculus (Mouse),35.6,222.0,4.2e-30,132.9,sp|P59054|CSRN1_MOUSE Cysteine/serine-rich nuclear protein 1 OS=Mus musculus OX=10090 GN=Csrnp1 PE=2 SV=1,GO:0001228; GO:0003700; GO:0005634; GO:0006355; GO:0006915; GO:0009791; GO:0043565; GO:0045944; GO:0048008; GO:0048705; GO:0060021; GO:0060325,apoptotic process [GO:0006915]; face morphogenesis [GO:0060325]; platelet-derived growth factor receptor signaling pathway [GO:0048008]; positive regulation of transcription by RNA polymerase II [GO:0045944]; post-embryonic development [GO:0009791]; regulation of DNA-templated transcription [GO:0006355]; roof of mouth development [GO:0060021]; skeletal system morphogenesis [GO:0048705],nucleus [GO:0005634],"DNA-binding transcription activator activity, RNA polymerase II-specific [GO:0001228]; DNA-binding transcription factor activity [GO:0003700]; sequence-specific DNA binding [GO:0043565]",GO:0003677; GO:0005634; GO:0006355; GO:0012501; GO:0043226; GO:0048856; GO:0140110,DNA binding; nucleus; regulation of DNA-templated transcription; programmed cell death; organelle; anatomical structure development; transcription regulator activity
OG_07134,0.2501546231214523,OG_07134,FUN_032459-T1,Peve_00009149,Pocillopora_meandrina_HIv1___RNAseq.g24151.t1,three_way,75.24633333333333,,,,,,,,,,,,,,,,,
OG_04311,0.249439505163146,OG_04311,FUN_017899-T1,Peve_00000241,Pocillopora_meandrina_HIv1___RNAseq.g341.t1,three_way,85.13083333333333,FUN_017899-T1,Q8ND07,,,,,40.7,477.0,4.6e-76,287.0,sp|Q8ND07|BBOF1_HUMAN Basal body-orientation factor 1 OS=Homo sapiens OX=9606 GN=BBOF1 PE=1 SV=3,,,,,,
OG_02602,0.2485468393701045,OG_02602,FUN_010728-T1,Peve_00038973,Pocillopora_meandrina_HIv1___RNAseq.g20945.t1,three_way,73.28566666666667,FUN_010728-T1,Q503V9,,,,,57.0,186.0,2.6e-54,213.4,sp|Q503V9|ENDUB_DANRE Uridylate-specific endoribonuclease B OS=Danio rerio OX=7955 GN=endoub PE=2 SV=1,,,,,,
OG_01034,0.2474778391069782,OG_01034,FUN_004469-T1,Peve_00007167,Pocillopora_meandrina_HIv1___RNAseq.g4952.t1,three_way,86.357,FUN_004469-T1,P14211,CALR_MOUSE,,Calreticulin (CRP55) (Calregulin) (Endoplasmic reticulum resident protein 60) (ERp60) (HACBP),Mus musculus (Mouse),77.3,198.0,5.6e-85,315.5,sp|P14211|CALR_MOUSE Calreticulin OS=Mus musculus OX=10090 GN=Calr PE=1 SV=1,GO:0000122; GO:0001669; GO:0001849; GO:0002502; GO:0003729; GO:0005049; GO:0005178; GO:0005506; GO:0005509; GO:0005576; GO:0005615; GO:0005635; GO:0005739; GO:0005783; GO:0005788; GO:0005790; GO:0005829; GO:0005840; GO:0006611; GO:0007283; GO:0008284; GO:0009410; GO:0009897; GO:0010595; GO:0010628; GO:0016020; GO:0017148; GO:0030246; GO:0030866; GO:0031625; GO:0032355; GO:0033018; GO:0033144; GO:0033574; GO:0034504; GO:0040020; GO:0042277; GO:0042562; GO:0042824; GO:0044183; GO:0044194; GO:0044322; GO:0045335; GO:0045665; GO:0045787; GO:0048387; GO:0048471; GO:0050681; GO:0050766; GO:0050821; GO:0051082; GO:0055007; GO:0060473; GO:0071257; GO:0071285; GO:0090398; GO:0098586; GO:0098794; GO:0098978; GO:0140313; GO:1900026; GO:1901164; GO:1901224; GO:1901652; GO:1903416; GO:1904614; GO:2000510,cardiac muscle cell differentiation [GO:0055007]; cellular response to electrical stimulus [GO:0071257]; cellular response to lithium ion [GO:0071285]; cellular response to virus [GO:0098586]; cellular senescence [GO:0090398]; cortical actin cytoskeleton organization [GO:0030866]; negative regulation of intracellular steroid hormone receptor signaling pathway [GO:0033144]; negative regulation of neuron differentiation [GO:0045665]; negative regulation of retinoic acid receptor signaling pathway [GO:0048387]; negative regulation of transcription by RNA polymerase II [GO:0000122]; negative regulation of translation [GO:0017148]; negative regulation of trophoblast cell migration [GO:1901164]; peptide antigen assembly with MHC class I protein complex [GO:0002502]; positive regulation of cell cycle [GO:0045787]; positive regulation of cell population proliferation [GO:0008284]; positive regulation of dendritic cell chemotaxis [GO:2000510]; positive regulation of endothelial cell migration [GO:0010595]; positive regulation of gene expression [GO:0010628]; positive regulation of non-canonical NF-kappaB signal transduction [GO:1901224]; positive regulation of phagocytosis [GO:0050766]; positive regulation of substrate adhesion-dependent cell spreading [GO:1900026]; protein export from nucleus [GO:0006611]; protein localization to nucleus [GO:0034504]; protein stabilization [GO:0050821]; regulation of meiotic nuclear division [GO:0040020]; response to biphenyl [GO:1904614]; response to estradiol [GO:0032355]; response to glycoside [GO:1903416]; response to peptide [GO:1901652]; response to testosterone [GO:0033574]; response to xenobiotic stimulus [GO:0009410]; spermatogenesis [GO:0007283],acrosomal vesicle [GO:0001669]; cortical granule [GO:0060473]; cytolytic granule [GO:0044194]; cytosol [GO:0005829]; endoplasmic reticulum [GO:0005783]; endoplasmic reticulum lumen [GO:0005788]; endoplasmic reticulum quality control compartment [GO:0044322]; external side of plasma membrane [GO:0009897]; extracellular region [GO:0005576]; extracellular space [GO:0005615]; glutamatergic synapse [GO:0098978]; membrane [GO:0016020]; MHC class I peptide loading complex [GO:0042824]; mitochondrion [GO:0005739]; nuclear envelope [GO:0005635]; perinuclear region of cytoplasm [GO:0048471]; phagocytic vesicle [GO:0045335]; postsynapse [GO:0098794]; ribosome [GO:0005840]; sarcoplasmic reticulum lumen [GO:0033018]; smooth endoplasmic reticulum [GO:0005790],calcium ion binding [GO:0005509]; carbohydrate binding [GO:0030246]; complement component C1q complex binding [GO:0001849]; hormone binding [GO:0042562]; integrin binding [GO:0005178]; iron ion binding [GO:0005506]; molecular sequestering activity [GO:0140313]; mRNA binding [GO:0003729]; nuclear androgen receptor binding [GO:0050681]; nuclear export signal receptor activity [GO:0005049]; peptide binding [GO:0042277]; protein folding chaperone [GO:0044183]; ubiquitin protein ligase binding [GO:0031625]; unfolded protein binding [GO:0051082],GO:0003723; GO:0005576; GO:0005615; GO:0005635; GO:0005739; GO:0005764; GO:0005773; GO:0005783; GO:0005829; GO:0005840; GO:0006355; GO:0006886; GO:0006913; GO:0007010; GO:0022414; GO:0030154; GO:0031410; GO:0043226; GO:0044183; GO:0065003; GO:0140104; GO:0140313,RNA binding; extracellular region; extracellular space; nuclear envelope; mitochondrion; lysosome; vacuole; endoplasmic reticulum; cytosol; ribosome; regulation of DNA-templated transcription; intracellular protein transport; nucleocytoplasmic transport; cytoskeleton organization; reproductive process; cell differentiation; cytoplasmic vesicle; organelle; protein folding chaperone; protein-containing complex assembly; molecular carrier activity; molecular sequestering activity
OG_06218,0.2469760105114639,OG_06218,FUN_028160-T1,Peve_00000617,Pocillopora_meandrina_HIv1___RNAseq.g29828.t1,three_way,77.55183333333333,,,,,,,,,,,,,,,,,
OG_03309,0.2465537112823349,OG_03309,FUN_013385-T1,Peve_00015992,Pocillopora_meandrina_HIv1___RNAseq.g22980.t2,three_way,65.83083333333333,FUN_013385-T1,Q24180,DEAF1_DROME,,Deformed epidermal autoregulatory factor 1 (Protein DEAF-1),Drosophila melanogaster (Fruit fly),45.2,84.0,2.6e-16,87.8,sp|Q24180|DEAF1_DROME Deformed epidermal autoregulatory factor 1 OS=Drosophila melanogaster OX=7227 GN=Deaf1 PE=1 SV=1,GO:0000981; GO:0003700; GO:0005634; GO:0005700; GO:0006357; GO:0008270; GO:0009792; GO:0043565; GO:0045893; GO:0050776,embryo development ending in birth or egg hatching [GO:0009792]; positive regulation of DNA-templated transcription [GO:0045893]; regulation of immune response [GO:0050776]; regulation of transcription by RNA polymerase II [GO:0006357],nucleus [GO:0005634]; polytene chromosome [GO:0005700],"DNA-binding transcription factor activity [GO:0003700]; DNA-binding transcription factor activity, RNA polymerase II-specific [GO:0000981]; sequence-specific DNA binding [GO:0043565]; zinc ion binding [GO:0008270]",GO:0003677; GO:0005634; GO:0005694; GO:0006355; GO:0043226; GO:0048856; GO:0140110,DNA binding; nucleus; chromosome; regulation of DNA-templated transcription; organelle; anatomical structure development; transcription regulator activity
OG_09540,0.2463516218514036,OG_09540,FUN_041634-T1,Peve_00023645,Pocillopora_meandrina_HIv1___RNAseq.g14222.t1,three_way,82.26466666666667,FUN_041634-T1,Q9H0K1,SIK2_HUMAN,,Serine/threonine-protein kinase SIK2 (EC 2.7.11.1) (Qin-induced kinase) (Salt-inducible kinase 2) (SIK-2) (Serine/threonine-protein kinase SNF1-like kinase 2),Homo sapiens (Human),46.9,631.0,4.8999999999999996e-135,483.4,sp|Q9H0K1|SIK2_HUMAN Serine/threonine-protein kinase SIK2 OS=Homo sapiens OX=9606 GN=SIK2 PE=1 SV=1,GO:0000287; GO:0004674; GO:0005524; GO:0005634; GO:0005737; GO:0005789; GO:0006468; GO:0035556; GO:0046626; GO:0046777; GO:0106310,intracellular signal transduction [GO:0035556]; protein autophosphorylation [GO:0046777]; protein phosphorylation [GO:0006468]; regulation of insulin receptor signaling pathway [GO:0046626],cytoplasm [GO:0005737]; endoplasmic reticulum membrane [GO:0005789]; nucleus [GO:0005634],ATP binding [GO:0005524]; magnesium ion binding [GO:0000287]; protein serine kinase activity [GO:0106310]; protein serine/threonine kinase activity [GO:0004674],GO:0003824; GO:0005634; GO:0016740; GO:0043226; GO:0140096,"catalytic activity; nucleus; transferase activity; organelle; catalytic activity, acting on a protein"
OG_08984,0.2459807009489149,OG_08984,FUN_038503-T1,Peve_00041694,Pocillopora_meandrina_HIv1___RNAseq.g28159.t1,three_way,62.70366666666667,,,,,,,,,,,,,,,,,
OG_01759,0.2453468810831365,OG_01759,FUN_007111-T1,Peve_00017835,Pocillopora_meandrina_HIv1___RNAseq.g19017.t1,three_way,39.03566666666666,,,,,,,,,,,,,,,,,
OG_02575,0.2451636461431229,OG_02575,FUN_010681-T1,Peve_00044788,Pocillopora_meandrina_HIv1___TS.g26095.t1,three_way,79.83833333333334,,,,,,,,,,,,,,,,,
OG_09250,0.2450902548633022,OG_09250,FUN_040040-T1,Peve_00040427,Pocillopora_meandrina_HIv1___RNAseq.g8459.t1,three_way,75.77216666666668,FUN_040040-T1,Q9BRS2,RIOK1_HUMAN,,Serine/threonine-protein kinase RIO1 (EC 2.7.11.1) (EC 3.6.1.-) (RIO kinase 1),Homo sapiens (Human),55.6,459.0,1.2e-133,478.4,sp|Q9BRS2|RIOK1_HUMAN Serine/threonine-protein kinase RIO1 OS=Homo sapiens OX=9606 GN=RIOK1 PE=1 SV=2,GO:0004674; GO:0005524; GO:0005654; GO:0005829; GO:0016787; GO:0030490; GO:0030688; GO:0034708; GO:0042274; GO:0046872; GO:0106310; GO:2000234,maturation of SSU-rRNA [GO:0030490]; positive regulation of rRNA processing [GO:2000234]; ribosomal small subunit biogenesis [GO:0042274],"cytosol [GO:0005829]; methyltransferase complex [GO:0034708]; nucleoplasm [GO:0005654]; preribosome, small subunit precursor [GO:0030688]",ATP binding [GO:0005524]; hydrolase activity [GO:0016787]; metal ion binding [GO:0046872]; protein serine kinase activity [GO:0106310]; protein serine/threonine kinase activity [GO:0004674],GO:0003824; GO:0005654; GO:0005829; GO:0016740; GO:0016787; GO:0140096,"catalytic activity; nucleoplasm; cytosol; transferase activity; hydrolase activity; catalytic activity, acting on a protein"
OG_08941,0.2446298114562488,OG_08941,FUN_038410-T1,Peve_00000012,Pocillopora_meandrina_HIv1___RNAseq.g28285.t1,three_way,90.88266666666668,FUN_038410-T1,Q66IZ7,,,,,48.4,287.0,1.4e-49,198.4,sp|Q66IZ7|NDL1B_XENLA Nuclear distribution protein nudE-like 1-B OS=Xenopus laevis OX=8355 GN=ndel1-b PE=2 SV=1,,,,,,
OG_03103,0.2441209411720858,OG_03103,FUN_012390-T1,Peve_00022229,Pocillopora_meandrina_HIv1___RNAseq.g23656.t1,three_way,66.252,,,,,,,,,,,,,,,,,
OG_07120,0.2439616886321401,OG_07120,FUN_032405-T1,Peve_00009164,Pocillopora_meandrina_HIv1___RNAseq.g29839.t1,three_way,82.7025,FUN_032405-T1,Q6GNS3,,,,,57.4,509.0,6.3000000000000005e-168,592.0,sp|Q6GNS3|NMD3_XENLA 60S ribosomal export protein NMD3 OS=Xenopus laevis OX=8355 GN=nmd3 PE=2 SV=1,,,,,,
OG_05440,0.2437756702979561,OG_05440,FUN_024393-T1,Peve_00005016,Pocillopora_meandrina_HIv1___RNAseq.g18624.t1,three_way,66.556,FUN_024393-T1,P42674,,,,,48.3,201.0,1.4e-44,182.2,sp|P42674|BP10_PARLI Blastula protease 10 OS=Paracentrotus lividus OX=7656 GN=BP10 PE=2 SV=1,,,,,,
OG_01642,0.2436033610494118,OG_01642,FUN_006790-T1,Peve_00028070,Pocillopora_meandrina_HIv1___RNAseq.g20501.t1,three_way,54.868,FUN_006790-T1,P35918,,,,,31.5,961.0,9.8e-99,363.6,sp|P35918|VGFR2_MOUSE Vascular endothelial growth factor receptor 2 OS=Mus musculus OX=10090 GN=Kdr PE=1 SV=2,,,,,,
OG_01712,0.2430937969788876,OG_01712,FUN_006986-T1,Peve_00009622,Pocillopora_meandrina_HIv1___RNAseq.g20224.t1,three_way,77.79516666666666,FUN_006986-T1,O60841,IF2P_HUMAN,,Eukaryotic translation initiation factor 5B (eIF-5B) (EC 3.6.5.3) (Translation initiation factor IF-2),Homo sapiens (Human),72.7,593.0,6e-261,902.5,sp|O60841|IF2P_HUMAN Eukaryotic translation initiation factor 5B OS=Homo sapiens OX=9606 GN=EIF5B PE=1 SV=4,GO:0000049; GO:0003723; GO:0003743; GO:0003924; GO:0005525; GO:0005737; GO:0005829; GO:0006413; GO:0006446; GO:0042255; GO:0045202; GO:0046872,regulation of translational initiation [GO:0006446]; ribosome assembly [GO:0042255]; translational initiation [GO:0006413],cytoplasm [GO:0005737]; cytosol [GO:0005829]; synapse [GO:0045202],GTP binding [GO:0005525]; GTPase activity [GO:0003924]; metal ion binding [GO:0046872]; RNA binding [GO:0003723]; translation initiation factor activity [GO:0003743]; tRNA binding [GO:0000049],GO:0003723; GO:0003824; GO:0003924; GO:0005829; GO:0016787,RNA binding; catalytic activity; GTPase activity; cytosol; hydrolase activity
OG_02321,0.2426573175839596,OG_02321,FUN_008913-T1,Peve_00033015,Pocillopora_meandrina_HIv1___RNAseq.g3978.t1,three_way,86.956,FUN_008913-T1,Q56K14,RLA1_BOVIN,,Large ribosomal subunit protein P1 (60S acidic ribosomal protein P1),Bos taurus (Bovine),67.7,65.0,1.8e-17,90.1,sp|Q56K14|RLA1_BOVIN Large ribosomal subunit protein P1 OS=Bos taurus OX=9913 GN=RPLP1 PE=3 SV=1,GO:0002181; GO:0003735; GO:0006414; GO:0022625; GO:0030295; GO:0043021,cytoplasmic translation [GO:0002181]; translational elongation [GO:0006414],cytosolic large ribosomal subunit [GO:0022625],protein kinase activator activity [GO:0030295]; ribonucleoprotein complex binding [GO:0043021]; structural constituent of ribosome [GO:0003735],GO:0002181; GO:0005198; GO:0098772,cytoplasmic translation; structural molecule activity; molecular function regulator activity
OG_08491,0.2417426840699305,OG_08491,FUN_037330-T1,Peve_00006234,Pocillopora_meandrina_HIv1___RNAseq.g10692.t1,three_way,60.120000000000005,FUN_037330-T1,Q8IVV2,,,,,39.6,273.0,5.8e-47,192.2,sp|Q8IVV2|LOXH1_HUMAN Lipoxygenase homology domain-containing protein 1 OS=Homo sapiens OX=9606 GN=LOXHD1 PE=2 SV=4,,,,,,
OG_01486,0.2414330238875599,OG_01486,FUN_006162-T1,Peve_00024180,Pocillopora_meandrina_HIv1___RNAseq.g20422.t1,three_way,46.14,FUN_006162-T1,Q90827,,,,,30.2,129.0,2.5e-09,65.1,sp|Q90827|NEL_CHICK Protein NEL OS=Gallus gallus OX=9031 GN=NEL PE=2 SV=1,,,,,,
OG_03579,0.2409173143597937,OG_03579,FUN_014734-T1,Peve_00010435,Pocillopora_meandrina_HIv1___RNAseq.1641_t,three_way,71.44800000000001,,,,,,,,,,,,,,,,,
OG_02355,0.2403980441083466,OG_02355,FUN_008958-T1,Peve_00021624,Pocillopora_meandrina_HIv1___RNAseq.g4045.t1,three_way,88.27633333333334,FUN_008958-T1,P36241,,,,,80.5,77.0,5.2e-27,121.7,sp|P36241|RL19_DROME Large ribosomal subunit protein eL19 OS=Drosophila melanogaster OX=7227 GN=RpL19 PE=1 SV=2,,,,,,
OG_02968,0.2403205633937738,OG_02968,FUN_012130-T1,Peve_00035469,Pocillopora_meandrina_HIv1___RNAseq.g23786.t1,three_way,43.8205,FUN_012130-T1,Q5R7K9,,,,,32.1,156.0,7.5e-10,66.6,sp|Q5R7K9|EDIL3_PONAB EGF-like repeat and discoidin I-like domain-containing protein 3 OS=Pongo abelii OX=9601 GN=EDIL3 PE=2 SV=1,,,,,,
OG_07000,0.2395935785515408,OG_07000,FUN_032151-T1,Peve_00003236,Pocillopora_meandrina_HIv1___RNAseq.g5328.t1,three_way,63.626333333333335,FUN_032151-T1,Q9NPA2,MMP25_HUMAN,,Matrix metalloproteinase-25 (MMP-25) (EC 3.4.24.-) (Leukolysin) (Membrane-type matrix metalloproteinase 6) (MT-MMP 6) (MTMMP6) (Membrane-type-6 matrix metalloproteinase) (MT6-MMP) (MT6MMP),Homo sapiens (Human),36.2,384.0,6.7e-56,219.9,sp|Q9NPA2|MMP25_HUMAN Matrix metalloproteinase-25 OS=Homo sapiens OX=9606 GN=MMP25 PE=1 SV=1,GO:0004222; GO:0005615; GO:0005886; GO:0006508; GO:0006954; GO:0008270; GO:0016020; GO:0030198; GO:0030574; GO:0031012; GO:0035579; GO:0060022; GO:0098552,collagen catabolic process [GO:0030574]; extracellular matrix organization [GO:0030198]; hard palate development [GO:0060022]; inflammatory response [GO:0006954]; proteolysis [GO:0006508],extracellular matrix [GO:0031012]; extracellular space [GO:0005615]; membrane [GO:0016020]; plasma membrane [GO:0005886]; side of membrane [GO:0098552]; specific granule membrane [GO:0035579],metalloendopeptidase activity [GO:0004222]; zinc ion binding [GO:0008270],GO:0003824; GO:0005615; GO:0005886; GO:0006954; GO:0016787; GO:0030198; GO:0030312; GO:0031012; GO:0048856; GO:0140096,"catalytic activity; extracellular space; plasma membrane; inflammatory response; hydrolase activity; extracellular matrix organization; external encapsulating structure; extracellular matrix; anatomical structure development; catalytic activity, acting on a protein"
OG_05241,0.2393138983660639,OG_05241,FUN_023682-T1,Peve_00014139,Pocillopora_meandrina_HIv1___RNAseq.g17753.t1,three_way,78.52883333333334,FUN_023682-T1,A7SK48,EIF3A_NEMVE,,Eukaryotic translation initiation factor 3 subunit A (eIF3a) (Eukaryotic translation initiation factor 3 subunit 10),Nematostella vectensis (Starlet sea anemone),73.3,786.0,8.7e-296,1018.1,sp|A7SK48|EIF3A_NEMVE Eukaryotic translation initiation factor 3 subunit A OS=Nematostella vectensis OX=45351 GN=v1g190699 PE=3 SV=2,GO:0001732; GO:0002188; GO:0003729; GO:0003743; GO:0016282; GO:0033290; GO:0043614; GO:0071540; GO:0071541,formation of cytoplasmic translation initiation complex [GO:0001732]; translation reinitiation [GO:0002188],"eukaryotic 43S preinitiation complex [GO:0016282]; eukaryotic 48S preinitiation complex [GO:0033290]; eukaryotic translation initiation factor 3 complex, eIF3e [GO:0071540]; eukaryotic translation initiation factor 3 complex, eIF3m [GO:0071541]; multi-eIF complex [GO:0043614]",mRNA binding [GO:0003729]; translation initiation factor activity [GO:0003743],GO:0003723; GO:0065003,RNA binding; protein-containing complex assembly
OG_00225,0.2390308027601574,OG_00225,FUN_000960-T1,Peve_00021379,Pocillopora_meandrina_HIv1___RNAseq.13437_t,three_way,86.795,FUN_000960-T1,P28271,ACOHC_MOUSE,,Cytoplasmic aconitate hydratase (Aconitase) (EC 4.2.1.3) (Citrate hydro-lyase) (Iron regulatory protein 1) (IRP1) (Iron-responsive element-binding protein 1) (IRE-BP 1),Mus musculus (Mouse),71.1,869.0,0.0,1303.1,sp|P28271|ACOHC_MOUSE Cytoplasmic aconitate hydratase OS=Mus musculus OX=10090 GN=Aco1 PE=1 SV=3,GO:0003994; GO:0005737; GO:0005739; GO:0005783; GO:0005794; GO:0005829; GO:0006099; GO:0006101; GO:0006417; GO:0006740; GO:0006879; GO:0009791; GO:0010040; GO:0010468; GO:0030350; GO:0046872; GO:0050892; GO:0051538; GO:0051539,citrate metabolic process [GO:0006101]; intestinal absorption [GO:0050892]; intracellular iron ion homeostasis [GO:0006879]; NADPH regeneration [GO:0006740]; post-embryonic development [GO:0009791]; regulation of gene expression [GO:0010468]; regulation of translation [GO:0006417]; response to iron(II) ion [GO:0010040]; tricarboxylic acid cycle [GO:0006099],cytoplasm [GO:0005737]; cytosol [GO:0005829]; endoplasmic reticulum [GO:0005783]; Golgi apparatus [GO:0005794]; mitochondrion [GO:0005739],"3 iron, 4 sulfur cluster binding [GO:0051538]; 4 iron, 4 sulfur cluster binding [GO:0051539]; aconitate hydratase activity [GO:0003994]; iron-responsive element binding [GO:0030350]; metal ion binding [GO:0046872]",GO:0003723; GO:0003824; GO:0005739; GO:0005783; GO:0005794; GO:0005829; GO:0006091; GO:0016829; GO:0022600; GO:0043226; GO:0055086,RNA binding; catalytic activity; mitochondrion; endoplasmic reticulum; Golgi apparatus; cytosol; generation of precursor metabolites and energy; lyase activity; digestive system process; organelle; nucleobase-containing small molecule metabolic process
OG_06417,0.2385961667277789,OG_06417,FUN_029104-T1,Peve_00038072,Pocillopora_meandrina_HIv1___TS.g8929.t1,three_way,65.834,FUN_029104-T1,P41970,ELK3_HUMAN,,ETS domain-containing protein Elk-3 (ETS-related protein ERP) (ETS-related protein NET) (Serum response factor accessory protein 2) (SAP-2) (SRF accessory protein 2),Homo sapiens (Human),60.0,85.0,1.5000000000000002e-22,107.8,sp|P41970|ELK3_HUMAN ETS domain-containing protein Elk-3 OS=Homo sapiens OX=9606 GN=ELK3 PE=1 SV=2,GO:0000122; GO:0000785; GO:0000978; GO:0000981; GO:0001227; GO:0001228; GO:0001525; GO:0003700; GO:0005634; GO:0005654; GO:0005739; GO:0006357; GO:0007165; GO:0030154; GO:0032422; GO:0042060; GO:0045944; GO:1990837,angiogenesis [GO:0001525]; cell differentiation [GO:0030154]; negative regulation of transcription by RNA polymerase II [GO:0000122]; positive regulation of transcription by RNA polymerase II [GO:0045944]; regulation of transcription by RNA polymerase II [GO:0006357]; signal transduction [GO:0007165]; wound healing [GO:0042060],chromatin [GO:0000785]; mitochondrion [GO:0005739]; nucleoplasm [GO:0005654]; nucleus [GO:0005634],"DNA-binding transcription activator activity, RNA polymerase II-specific [GO:0001228]; DNA-binding transcription factor activity [GO:0003700]; DNA-binding transcription factor activity, RNA polymerase II-specific [GO:0000981]; DNA-binding transcription repressor activity, RNA polymerase II-specific [GO:0001227]; purine-rich negative regulatory element binding [GO:0032422]; RNA polymerase II cis-regulatory region sequence-specific DNA binding [GO:0000978]; sequence-specific double-stranded DNA binding [GO:1990837]",GO:0003677; GO:0005634; GO:0005654; GO:0005739; GO:0006355; GO:0030154; GO:0042060; GO:0043226; GO:0140110,DNA binding; nucleus; nucleoplasm; mitochondrion; regulation of DNA-templated transcription; cell differentiation; wound healing; organelle; transcription regulator activity
OG_07346,0.2379128709725523,OG_07346,FUN_033753-T1,Peve_00004935,Pocillopora_meandrina_HIv1___RNAseq.g28751.t1,three_way,71.35733333333333,FUN_033753-T1,Q8MPM1,,,,,51.9,362.0,3.4e-99,363.2,sp|Q8MPM1|GELS2_LUMTE Gelsolin-like protein 2 OS=Lumbricus terrestris OX=6398 GN=gelsolin PE=1 SV=1,,,,,,
OG_10007,0.2378101566104016,OG_10007,FUN_043242-T1,Peve_00001436,Pocillopora_meandrina_HIv1___RNAseq.g6708.t1,three_way,59.496500000000005,FUN_043242-T1,Q6YHK3,CD109_HUMAN,,CD109 antigen (150 kDa TGF-beta-1-binding protein) (C3 and PZP-like alpha-2-macroglobulin domain-containing protein 7) (Platelet-specific Gov antigen) (p180) (r150) (CD antigen CD109),Homo sapiens (Human),25.8,1416.0,2.8e-104,382.1,sp|Q6YHK3|CD109_HUMAN CD109 antigen OS=Homo sapiens OX=9606 GN=CD109 PE=1 SV=2,GO:0001942; GO:0004867; GO:0005576; GO:0005615; GO:0005829; GO:0005886; GO:0009986; GO:0010839; GO:0030512; GO:0031092; GO:0043616; GO:0045616; GO:0061045; GO:0072089; GO:0072675; GO:0098552; GO:2000647,hair follicle development [GO:0001942]; keratinocyte proliferation [GO:0043616]; negative regulation of keratinocyte proliferation [GO:0010839]; negative regulation of stem cell proliferation [GO:2000647]; negative regulation of transforming growth factor beta receptor signaling pathway [GO:0030512]; negative regulation of wound healing [GO:0061045]; osteoclast fusion [GO:0072675]; regulation of keratinocyte differentiation [GO:0045616]; stem cell proliferation [GO:0072089],cell surface [GO:0009986]; cytosol [GO:0005829]; extracellular region [GO:0005576]; extracellular space [GO:0005615]; plasma membrane [GO:0005886]; platelet alpha granule membrane [GO:0031092]; side of membrane [GO:0098552],serine-type endopeptidase inhibitor activity [GO:0004867],GO:0005576; GO:0005615; GO:0005829; GO:0005886; GO:0048856; GO:0098772,extracellular region; extracellular space; cytosol; plasma membrane; anatomical structure development; molecular function regulator activity
OG_10207,0.2377827813599605,OG_10207,FUN_043642-T1,Peve_00041942,Pocillopora_meandrina_HIv1___RNAseq.g7410.t1,three_way,83.61566666666667,,,,,,,,,,,,,,,,,
OG_02972,0.2375439148753886,OG_02972,FUN_012136-T1,Peve_00035460,Pocillopora_meandrina_HIv1___RNAseq.g23778.t1,three_way,82.50333333333333,FUN_012136-T1,Q5XFX0,,,,,41.0,200.0,5.1e-33,142.5,sp|Q5XFX0|TAGL2_RAT Transgelin-2 OS=Rattus norvegicus OX=10116 GN=Tagln2 PE=1 SV=1,,,,,,
OG_00179,0.2372844863178168,OG_00179,FUN_000872-T1,Peve_00002057,Pocillopora_meandrina_HIv1___RNAseq.g1815.t1,three_way,56.59033333333333,FUN_000872-T1,Q08288,LYAR_MOUSE,,Cell growth-regulating nucleolar protein (Ly1 antibody-reactive protein) (Protein expressed in male leptotene and zygotene spermatocytes 264) (MLZ-264),Mus musculus (Mouse),40.4,406.0,2.3e-39,164.5,sp|Q08288|LYAR_MOUSE Cell growth-regulating nucleolar protein OS=Mus musculus OX=10090 GN=Lyar PE=1 SV=2,GO:0000122; GO:0001750; GO:0003677; GO:0005634; GO:0005654; GO:0005730; GO:0005737; GO:0006364; GO:0008270; GO:0042802; GO:0045087; GO:0045824; GO:0045943; GO:0048821; GO:0050766; GO:0140297; GO:0140416,erythrocyte development [GO:0048821]; innate immune response [GO:0045087]; negative regulation of innate immune response [GO:0045824]; negative regulation of transcription by RNA polymerase II [GO:0000122]; positive regulation of phagocytosis [GO:0050766]; positive regulation of transcription by RNA polymerase I [GO:0045943]; rRNA processing [GO:0006364],cytoplasm [GO:0005737]; nucleolus [GO:0005730]; nucleoplasm [GO:0005654]; nucleus [GO:0005634]; photoreceptor outer segment [GO:0001750],DNA binding [GO:0003677]; DNA-binding transcription factor binding [GO:0140297]; identical protein binding [GO:0042802]; transcription regulator inhibitor activity [GO:0140416]; zinc ion binding [GO:0008270],GO:0002376; GO:0003677; GO:0005634; GO:0005654; GO:0005730; GO:0006355; GO:0043226; GO:0048856; GO:0098542; GO:0098772,immune system process; DNA binding; nucleus; nucleoplasm; nucleolus; regulation of DNA-templated transcription; organelle; anatomical structure development; defense response to other organism; molecular function regulator activity
OG_05341,0.2367223618756531,OG_05341,FUN_024067-T1,Peve_00000150,Pocillopora_meandrina_HIv1___RNAseq.g19254.t1,three_way,69.05799999999999,FUN_024067-T1,Q54RA4,,,,,34.9,352.0,9.9e-50,198.7,sp|Q54RA4|Y3291_DICDI Probable iron/ascorbate oxidoreductase DDB_G0283291 OS=Dictyostelium discoideum OX=44689 GN=DDB_G0283291 PE=3 SV=1,,,,,,
OG_08265,0.236090991938289,OG_08265,FUN_036177-T1,Peve_00027216,Pocillopora_meandrina_HIv1___RNAseq.g27511.t1,three_way,55.68066666666667,,,,,,,,,,,,,,,,,
OG_05743,0.2358909512589729,OG_05743,FUN_025670-T1,Peve_00042194,Pocillopora_meandrina_HIv1___TS.g15944.t1,three_way,81.551,FUN_025670-T1,O09012,PEX5_MOUSE,,Peroxisomal targeting signal 1 receptor (PTS1 receptor) (PTS1R) (PTS1-BP) (PXR1P) (Peroxin-5) (Peroxisomal C-terminal targeting signal import receptor) (Peroxisome receptor 1),Mus musculus (Mouse),47.9,645.0,2.2e-117,424.5,sp|O09012|PEX5_MOUSE Peroxisomal targeting signal 1 receptor OS=Mus musculus OX=10090 GN=Pex5 PE=1 SV=2,GO:0000038; GO:0000268; GO:0000425; GO:0001764; GO:0005052; GO:0005739; GO:0005777; GO:0005782; GO:0005794; GO:0005829; GO:0006625; GO:0006629; GO:0006635; GO:0007005; GO:0007006; GO:0007029; GO:0007031; GO:0016020; GO:0016558; GO:0016560; GO:0016562; GO:0021795; GO:0021895; GO:0031267; GO:0031333; GO:0032991; GO:0033328; GO:0034614; GO:0040018; GO:0044721; GO:0045046; GO:0048468; GO:0050905; GO:0140597,"cell development [GO:0048468]; cellular response to reactive oxygen species [GO:0034614]; cerebral cortex cell migration [GO:0021795]; cerebral cortex neuron differentiation [GO:0021895]; endoplasmic reticulum organization [GO:0007029]; fatty acid beta-oxidation [GO:0006635]; lipid metabolic process [GO:0006629]; mitochondrial membrane organization [GO:0007006]; mitochondrion organization [GO:0007005]; negative regulation of protein-containing complex assembly [GO:0031333]; neuromuscular process [GO:0050905]; neuron migration [GO:0001764]; peroxisome organization [GO:0007031]; pexophagy [GO:0000425]; positive regulation of multicellular organism growth [GO:0040018]; protein import into peroxisome matrix [GO:0016558]; protein import into peroxisome matrix, docking [GO:0016560]; protein import into peroxisome matrix, receptor recycling [GO:0016562]; protein import into peroxisome matrix, substrate release [GO:0044721]; protein import into peroxisome membrane [GO:0045046]; protein targeting to peroxisome [GO:0006625]; very long-chain fatty acid metabolic process [GO:0000038]",cytosol [GO:0005829]; Golgi apparatus [GO:0005794]; membrane [GO:0016020]; mitochondrion [GO:0005739]; peroxisomal matrix [GO:0005782]; peroxisome [GO:0005777]; protein-containing complex [GO:0032991],peroxisome matrix targeting signal-1 binding [GO:0005052]; peroxisome membrane targeting sequence binding [GO:0033328]; peroxisome targeting sequence binding [GO:0000268]; protein carrier chaperone [GO:0140597]; small GTPase binding [GO:0031267],GO:0005739; GO:0005777; GO:0005794; GO:0005829; GO:0006629; GO:0006886; GO:0006914; GO:0007005; GO:0007031; GO:0030154; GO:0043226; GO:0048856; GO:0048870; GO:0050877; GO:0055085; GO:0061024; GO:0140104,mitochondrion; peroxisome; Golgi apparatus; cytosol; lipid metabolic process; intracellular protein transport; autophagy; mitochondrion organization; peroxisome organization; cell differentiation; organelle; anatomical structure development; cell motility; nervous system process; transmembrane transport; membrane organization; molecular carrier activity
OG_07906,0.2353218537574649,OG_07906,FUN_035349-T1,Peve_00032934,Pocillopora_meandrina_HIv1___RNAseq.g12261.t1,three_way,88.37633333333333,FUN_035349-T1,P11387,TOP1_HUMAN,,DNA topoisomerase 1 (EC 5.6.2.1) (DNA topoisomerase I),Homo sapiens (Human),67.5,511.0,6.8e-202,704.9,sp|P11387|TOP1_HUMAN DNA topoisomerase 1 OS=Homo sapiens OX=9606 GN=TOP1 PE=1 SV=2,GO:0000932; GO:0000978; GO:0001650; GO:0001651; GO:0001673; GO:0003677; GO:0003682; GO:0003690; GO:0003697; GO:0003723; GO:0003917; GO:0004674; GO:0005524; GO:0005634; GO:0005654; GO:0005694; GO:0005730; GO:0006260; GO:0006265; GO:0006338; GO:0007059; GO:0007623; GO:0008301; GO:0009266; GO:0009303; GO:0009410; GO:0010332; GO:0012501; GO:0018105; GO:0019904; GO:0031100; GO:0031490; GO:0032922; GO:0032993; GO:0040016; GO:0043204; GO:0044877; GO:0051591; GO:0071373; GO:0097100,animal organ regeneration [GO:0031100]; cellular response to luteinizing hormone stimulus [GO:0071373]; chromatin remodeling [GO:0006338]; chromosome segregation [GO:0007059]; circadian regulation of gene expression [GO:0032922]; circadian rhythm [GO:0007623]; DNA replication [GO:0006260]; DNA topological change [GO:0006265]; embryonic cleavage [GO:0040016]; peptidyl-serine phosphorylation [GO:0018105]; programmed cell death [GO:0012501]; response to cAMP [GO:0051591]; response to gamma radiation [GO:0010332]; response to temperature stimulus [GO:0009266]; response to xenobiotic stimulus [GO:0009410]; rRNA transcription [GO:0009303],chromosome [GO:0005694]; dense fibrillar component [GO:0001651]; fibrillar center [GO:0001650]; male germ cell nucleus [GO:0001673]; nucleolus [GO:0005730]; nucleoplasm [GO:0005654]; nucleus [GO:0005634]; P-body [GO:0000932]; perikaryon [GO:0043204]; protein-DNA complex [GO:0032993],"ATP binding [GO:0005524]; chromatin binding [GO:0003682]; chromatin DNA binding [GO:0031490]; DNA binding [GO:0003677]; DNA binding, bending [GO:0008301]; DNA topoisomerase type I (single strand cut, ATP-independent) activity [GO:0003917]; double-stranded DNA binding [GO:0003690]; protein domain specific binding [GO:0019904]; protein serine/threonine kinase activity [GO:0004674]; protein-containing complex binding [GO:0044877]; RNA binding [GO:0003723]; RNA polymerase II cis-regulatory region sequence-specific DNA binding [GO:0000978]; single-stranded DNA binding [GO:0003697]; supercoiled DNA binding [GO:0097100]",GO:0003677; GO:0003723; GO:0003824; GO:0005634; GO:0005654; GO:0005694; GO:0005730; GO:0006260; GO:0006325; GO:0006351; GO:0007059; GO:0012501; GO:0016740; GO:0016853; GO:0043226; GO:0048856; GO:0140096; GO:0140097,"DNA binding; RNA binding; catalytic activity; nucleus; nucleoplasm; chromosome; nucleolus; DNA replication; chromatin organization; DNA-templated transcription; chromosome segregation; programmed cell death; transferase activity; isomerase activity; organelle; anatomical structure development; catalytic activity, acting on a protein; catalytic activity, acting on DNA"
OG_06532,0.2344996167052652,OG_06532,FUN_029392-T1,Peve_00044524,Pocillopora_meandrina_HIv1___TS.g2905.t4c,three_way,42.15233333333333,,,,,,,,,,,,,,,,,
OG_01089,0.2339913757023208,OG_01089,FUN_004582-T1,Peve_00012392,Pocillopora_meandrina_HIv1___RNAseq.g6604.t1,three_way,71.762,,,,,,,,,,,,,,,,,
OG_10107,0.2338068961770315,OG_10107,FUN_043455-T1,Peve_00031074,Pocillopora_meandrina_HIv1___RNAseq.g7903.t1,three_way,72.78833333333333,,,,,,,,,,,,,,,,,
OG_06689,0.2332671404972556,OG_06689,FUN_031221-T1,Peve_00043066,Pocillopora_meandrina_HIv1___RNAseq.g5197.t1,three_way,64.83466666666666,FUN_031221-T1,P51901,,,,,29.0,635.0,6.1e-63,245.0,sp|P51901|ANXA6_CHICK Annexin A6 OS=Gallus gallus OX=9031 GN=ANXA6 PE=2 SV=1,,,,,,
OG_07426,0.2332661970669113,OG_07426,FUN_033906-T1,Peve_00039887,Pocillopora_meandrina_HIv1___TS.g8165.t1a,three_way,38.5305,FUN_033906-T1,Q704V6,TLR6_BOVIN,,Toll-like receptor 6 (CD antigen CD286),Bos taurus (Bovine),37.8,111.0,1.4e-16,89.0,sp|Q704V6|TLR6_BOVIN Toll-like receptor 6 OS=Bos taurus OX=9913 GN=TLR6 PE=2 SV=1,GO:0002224; GO:0004888; GO:0005794; GO:0005886; GO:0006954; GO:0030670; GO:0032731; GO:0035355; GO:0035663; GO:0038023; GO:0042802; GO:0045087; GO:0045121; GO:0061809; GO:0071723; GO:0071726; GO:1900227,cellular response to diacyl bacterial lipopeptide [GO:0071726]; inflammatory response [GO:0006954]; innate immune response [GO:0045087]; positive regulation of interleukin-1 beta production [GO:0032731]; positive regulation of NLRP3 inflammasome complex assembly [GO:1900227]; toll-like receptor signaling pathway [GO:0002224],Golgi apparatus [GO:0005794]; membrane raft [GO:0045121]; phagocytic vesicle membrane [GO:0030670]; plasma membrane [GO:0005886]; Toll-like receptor 2-Toll-like receptor 6 protein complex [GO:0035355],"identical protein binding [GO:0042802]; lipopeptide binding [GO:0071723]; NAD+ nucleosidase activity, cyclic ADP-ribose generating [GO:0061809]; signaling receptor activity [GO:0038023]; Toll-like receptor 2 binding [GO:0035663]; transmembrane signaling receptor activity [GO:0004888]",GO:0002376; GO:0003824; GO:0005794; GO:0005886; GO:0006954; GO:0008289; GO:0016787; GO:0043226; GO:0060089; GO:0098542,immune system process; catalytic activity; Golgi apparatus; plasma membrane; inflammatory response; lipid binding; hydrolase activity; organelle; molecular transducer activity; defense response to other organism
OG_02160,0.2328833500709217,OG_02160,FUN_008496-T1,Peve_00010569,Pocillopora_meandrina_HIv1___RNAseq.g5883.t1,three_way,57.5785,FUN_008496-T1,P47748,,,,,27.1,303.0,4.6e-17,90.5,sp|P47748|OPRX_CAVPO Nociceptin receptor OS=Cavia porcellus OX=10141 GN=OPRL1 PE=2 SV=1,,,,,,
OG_07633,0.2319630077869397,OG_07633,FUN_034391-T1,Peve_00002468,Pocillopora_meandrina_HIv1___TS.g18897.t1,three_way,58.58133333333333,,,,,,,,,,,,,,,,,
OG_04350,0.2319022855751075,OG_04350,FUN_017986-T1,Peve_00004549,Pocillopora_meandrina_HIv1___RNAseq.g25273.t2,three_way,67.53116666666666,FUN_017986-T1,Q9GZT9,,,,,54.3,208.0,4.6e-62,240.0,sp|Q9GZT9|EGLN1_HUMAN Egl nine homolog 1 OS=Homo sapiens OX=9606 GN=EGLN1 PE=1 SV=1,,,,,,
OG_07343,0.2318651973525983,OG_07343,FUN_033748-T1,Peve_00004932,Pocillopora_meandrina_HIv1___RNAseq.g28754.t1,three_way,36.10916666666667,,,,,,,,,,,,,,,,,
OG_02535,0.2316330093271191,OG_02535,FUN_010614-T1,Peve_00013367,Pocillopora_meandrina_HIv1___RNAseq.g21488.t1,three_way,71.218,FUN_010614-T1,A7SWH1,PESC_NEMVE,,Pescadillo homolog,Nematostella vectensis (Starlet sea anemone),65.3,444.0,5.3e-170,599.0,sp|A7SWH1|PESC_NEMVE Pescadillo homolog OS=Nematostella vectensis OX=45351 GN=v1g194255 PE=3 SV=1,GO:0000463; GO:0000466; GO:0003723; GO:0005654; GO:0030687; GO:0043021; GO:0070545,"maturation of 5.8S rRNA from tricistronic rRNA transcript (SSU-rRNA, 5.8S rRNA, LSU-rRNA) [GO:0000466]; maturation of LSU-rRNA from tricistronic rRNA transcript (SSU-rRNA, 5.8S rRNA, LSU-rRNA) [GO:0000463]","nucleoplasm [GO:0005654]; PeBoW complex [GO:0070545]; preribosome, large subunit precursor [GO:0030687]",ribonucleoprotein complex binding [GO:0043021]; RNA binding [GO:0003723],GO:0003723; GO:0005654,RNA binding; nucleoplasm
OG_06443,0.2307578118284631,OG_06443,FUN_029154-T1,Peve_00041026,Pocillopora_meandrina_HIv1___RNAseq.g25735.t1,three_way,90.00566666666667,FUN_029154-T1,Q86XH1,,,,,57.3,820.0,1.7000000000000002e-218,760.8,sp|Q86XH1|DRC11_HUMAN Dynein regulatory complex protein 11 OS=Homo sapiens OX=9606 GN=IQCA1 PE=1 SV=1,,,,,,
OG_02734,0.2304874671753095,OG_02734,FUN_011264-T1,Peve_00030536,Pocillopora_meandrina_HIv1___RNAseq.g22310.t1,three_way,79.29683333333332,FUN_011264-T1,P02401,,,,,70.6,68.0,7.3e-19,94.7,sp|P02401|RLA2_RAT Large ribosomal subunit protein P2 OS=Rattus norvegicus OX=10116 GN=Rplp2 PE=1 SV=2,,,,,,
OG_01371,0.2303813200466637,OG_01371,FUN_005321-T1,Peve_00003307,Pocillopora_meandrina_HIv1___TS.g19924.t1,three_way,52.27433333333333,FUN_005321-T1,Q3UZD5,PRDM6_MOUSE,,Putative histone-lysine N-methyltransferase PRDM6 (EC 2.1.1.361) (PR domain zinc finger protein 6) (PR domain-containing protein 6) (PR domain-containing protein in smooth muscle),Mus musculus (Mouse),45.8,155.0,2.6000000000000003e-32,141.0,sp|Q3UZD5|PRDM6_MOUSE Putative histone-lysine N-methyltransferase PRDM6 OS=Mus musculus OX=10090 GN=Prdm6 PE=1 SV=1,GO:0000122; GO:0005634; GO:0008270; GO:0022008; GO:0032259; GO:0042802; GO:0045892; GO:0051151; GO:0140944,methylation [GO:0032259]; negative regulation of DNA-templated transcription [GO:0045892]; negative regulation of smooth muscle cell differentiation [GO:0051151]; negative regulation of transcription by RNA polymerase II [GO:0000122]; neurogenesis [GO:0022008],nucleus [GO:0005634],histone H4K20 monomethyltransferase activity [GO:0140944]; identical protein binding [GO:0042802]; zinc ion binding [GO:0008270],GO:0003824; GO:0005634; GO:0006355; GO:0016740; GO:0030154; GO:0043226; GO:0140096,"catalytic activity; nucleus; regulation of DNA-templated transcription; transferase activity; cell differentiation; organelle; catalytic activity, acting on a protein"
OG_10035,0.2303539397392943,OG_10035,FUN_043299-T1,Peve_00026362,Pocillopora_meandrina_HIv1___RNAseq.g8894.t1,three_way,72.17666666666666,FUN_043299-T1,Q6P9Q6,FKB15_MOUSE,,FK506-binding protein 15 (FKBP-15) (133 kDa FK506-binding protein) (133 kDa FKBP) (FKBP-133) (WASP and FKBP-like) (WAFL),Mus musculus (Mouse),36.7,619.0,1.2000000000000001e-80,303.5,sp|Q6P9Q6|FKB15_MOUSE FK506-binding protein 15 OS=Mus musculus OX=10090 GN=Fkbp15 PE=1 SV=2,GO:0003779; GO:0005768; GO:0005769; GO:0006897; GO:0015629; GO:0016020; GO:0030424; GO:0030426,endocytosis [GO:0006897],actin cytoskeleton [GO:0015629]; axon [GO:0030424]; early endosome [GO:0005769]; endosome [GO:0005768]; growth cone [GO:0030426]; membrane [GO:0016020],actin binding [GO:0003779],GO:0005768; GO:0005856; GO:0008092; GO:0016192; GO:0031410; GO:0043226,endosome; cytoskeleton; cytoskeletal protein binding; vesicle-mediated transport; cytoplasmic vesicle; organelle
OG_04304,0.2299535134774125,OG_04304,FUN_017889-T1,Peve_00001917,Pocillopora_meandrina_HIv1___RNAseq.g9667.t1,three_way,53.98566666666667,FUN_017889-T1,Q90X67,,,,,33.7,184.0,1.3e-19,97.8,sp|Q90X67|SOCS3_CHICK Suppressor of cytokine signaling 3 OS=Gallus gallus OX=9031 GN=SOCS3 PE=2 SV=1,,,,,,
OG_06891,0.2295700004326077,OG_06891,FUN_031930-T1,Peve_00004237,Pocillopora_meandrina_HIv1___RNAseq.g18237.t1,three_way,54.86833333333333,,,,,,,,,,,,,,,,,
OG_05025,0.2286208823063013,OG_05025,FUN_023188-T1,Peve_00009990,Pocillopora_meandrina_HIv1___RNAseq.g670.t1,three_way,70.7675,,,,,,,,,,,,,,,,,
OG_00474,0.2283146261705571,OG_00474,FUN_001413-T1,Peve_00008749,Pocillopora_meandrina_HIv1___RNAseq.g2101.t1,three_way,46.56633333333333,,,,,,,,,,,,,,,,,
OG_07659,0.2282246248989846,OG_07659,FUN_034604-T1,Peve_00037084,Pocillopora_meandrina_HIv1___TS.g18635.t1,three_way,65.48566666666666,FUN_034604-T1,Q90XE6,KLF1_DANRE,,Kruppel-like factor 1 (Erythroid krueppel-like transcription factor) (Kruppel-like factor d),Danio rerio (Zebrafish) (Brachydanio rerio),80.0,80.0,5.7e-08,59.7,sp|Q90XE6|KLF1_DANRE Kruppel-like factor 1 OS=Danio rerio OX=7955 GN=klf1 PE=2 SV=1,GO:0000785; GO:0000978; GO:0000981; GO:0003700; GO:0005634; GO:0005829; GO:0006357; GO:0008270; GO:0010628; GO:0010725; GO:0031100; GO:0043565; GO:0043697; GO:0045214; GO:0055007; GO:0060038; GO:0060319,animal organ regeneration [GO:0031100]; cardiac muscle cell differentiation [GO:0055007]; cardiac muscle cell proliferation [GO:0060038]; cell dedifferentiation [GO:0043697]; positive regulation of gene expression [GO:0010628]; primitive erythrocyte differentiation [GO:0060319]; regulation of primitive erythrocyte differentiation [GO:0010725]; regulation of transcription by RNA polymerase II [GO:0006357]; sarcomere organization [GO:0045214],chromatin [GO:0000785]; cytosol [GO:0005829]; nucleus [GO:0005634],"DNA-binding transcription factor activity [GO:0003700]; DNA-binding transcription factor activity, RNA polymerase II-specific [GO:0000981]; RNA polymerase II cis-regulatory region sequence-specific DNA binding [GO:0000978]; sequence-specific DNA binding [GO:0043565]; zinc ion binding [GO:0008270]",GO:0003677; GO:0005634; GO:0005829; GO:0006355; GO:0007010; GO:0030154; GO:0043226; GO:0048856; GO:0140110,DNA binding; nucleus; cytosol; regulation of DNA-templated transcription; cytoskeleton organization; cell differentiation; organelle; anatomical structure development; transcription regulator activity
OG_02905,0.2281857575255543,OG_02905,FUN_011975-T1,Peve_00000996,Pocillopora_meandrina_HIv1___RNAseq.g23721.t1,three_way,79.435,,,,,,,,,,,,,,,,,
OG_03495,0.2279317572003085,OG_03495,FUN_014604-T1,Peve_00028205,Pocillopora_meandrina_HIv1___RNAseq.g22749.t1,three_way,70.68266666666666,FUN_014604-T1,A2BGR3,,,,,54.5,635.0,3.2000000000000004e-185,650.2,sp|A2BGR3|ERC6L_DANRE DNA excision repair protein ERCC-6-like OS=Danio rerio OX=7955 GN=ercc6l PE=1 SV=1,,,,,,
OG_09815,0.22789728439422,OG_09815,FUN_042643-T1,Peve_00030042,Pocillopora_meandrina_HIv1___TS.g7635.t1,three_way,52.61466666666667,,,,,,,,,,,,,,,,,
OG_09596,0.2277948361036573,OG_09596,FUN_041743-T1,Peve_00002188,Pocillopora_meandrina_HIv1___RNAseq.g15788.t1,three_way,64.87933333333334,,,,,,,,,,,,,,,,,
OG_05497,0.2276017665615434,OG_05497,FUN_024556-T1,Peve_00039499,Pocillopora_meandrina_HIv1___RNAseq.g18655.t1,three_way,76.91333333333333,FUN_024556-T1,Q9GKT2,,,,,52.6,310.0,6.9e-100,365.5,sp|Q9GKT2|FXDC2_MACFA Fatty acid hydroxylase domain-containing protein 2 OS=Macaca fascicularis OX=9541 GN=FAXDC2 PE=2 SV=1,,,,,,
OG_05226,0.2270661814724736,OG_05226,FUN_023639-T1,Peve_00027828,Pocillopora_meandrina_HIv1___RNAseq.g17814.t1c,three_way,45.796,,,,,,,,,,,,,,,,,
OG_08721,0.2267385797173499,OG_08721,FUN_037974-T1,Peve_00013894,Pocillopora_meandrina_HIv1___RNAseq.g26183.t1,three_way,56.88933333333333,FUN_037974-T1,Q3UHR0,,,,,27.2,746.0,2.1e-45,187.6,sp|Q3UHR0|BAHC1_MOUSE BAH and coiled-coil domain-containing protein 1 OS=Mus musculus OX=10090 GN=Bahcc1 PE=1 SV=2,,,,,,
OG_04096,0.2265066050359349,OG_04096,FUN_016436-T1,Peve_00002886,Pocillopora_meandrina_HIv1___TS.g23399.t2,three_way,66.57249999999999,FUN_016436-T1,P05455,LA_HUMAN,,Lupus La protein (La autoantigen) (La ribonucleoprotein) (Sjoegren syndrome type B antigen) (SS-B),Homo sapiens (Human),46.4,196.0,2.2e-38,160.6,sp|P05455|LA_HUMAN Lupus La protein OS=Homo sapiens OX=9606 GN=SSB PE=1 SV=2,GO:0000049; GO:0000781; GO:0001682; GO:0003723; GO:0003729; GO:0005634; GO:0005737; GO:0005829; GO:0006400; GO:0006409; GO:0008033; GO:0008266; GO:0008334; GO:0010494; GO:0042780; GO:0045727; GO:0071045; GO:0075522; GO:1903608; GO:1990825; GO:1990904,histone mRNA metabolic process [GO:0008334]; IRES-dependent viral translational initiation [GO:0075522]; nuclear histone mRNA catabolic process [GO:0071045]; positive regulation of translation [GO:0045727]; protein localization to cytoplasmic stress granule [GO:1903608]; tRNA 3'-end processing [GO:0042780]; tRNA 5'-leader removal [GO:0001682]; tRNA export from nucleus [GO:0006409]; tRNA modification [GO:0006400]; tRNA processing [GO:0008033],"chromosome, telomeric region [GO:0000781]; cytoplasm [GO:0005737]; cytoplasmic stress granule [GO:0010494]; cytosol [GO:0005829]; nucleus [GO:0005634]; ribonucleoprotein complex [GO:1990904]",mRNA binding [GO:0003729]; poly(U) RNA binding [GO:0008266]; RNA binding [GO:0003723]; sequence-specific mRNA binding [GO:1990825]; tRNA binding [GO:0000049],GO:0003723; GO:0005634; GO:0005829; GO:0006399; GO:0006913; GO:0016071; GO:0043226,RNA binding; nucleus; cytosol; tRNA metabolic process; nucleocytoplasmic transport; mRNA metabolic process; organelle
OG_01092,0.2262293511407041,OG_01092,FUN_004588-T1,Peve_00012396,Pocillopora_meandrina_HIv1___RNAseq.g6598.t1,three_way,60.343833333333336,,,,,,,,,,,,,,,,,
OG_01505,0.2262216232398907,OG_01505,FUN_006237-T1,Peve_00030695,Pocillopora_meandrina_HIv1___RNAseq.g20447.t1,three_way,90.30166666666666,FUN_006237-T1,Q9GP16,,,,,72.4,123.0,3.5e-48,192.2,sp|Q9GP16|RL31_HELVI Large ribosomal subunit protein eL31 OS=Heliothis virescens OX=7102 GN=RpL31 PE=2 SV=1,,,,,,
OG_09286,0.2261602884533433,OG_09286,FUN_040107-T1,Peve_00037281,Pocillopora_meandrina_HIv1___RNAseq.g8724.t1,three_way,86.47783333333334,FUN_040107-T1,Q0VCX2,BIP_BOVIN,,Endoplasmic reticulum chaperone BiP (EC 3.6.4.10) (78 kDa glucose-regulated protein) (GRP-78) (Binding-immunoglobulin protein) (BiP) (Heat shock protein 70 family protein 5) (HSP70 family protein 5) (Heat shock protein family A member 5) (Immunoglobulin heavy chain-binding protein),Bos taurus (Bovine),83.2,637.0,9.8e-294,1010.4,sp|Q0VCX2|BIP_BOVIN Endoplasmic reticulum chaperone BiP OS=Bos taurus OX=9913 GN=HSPA5 PE=2 SV=1,GO:0005524; GO:0005634; GO:0005737; GO:0005739; GO:0005788; GO:0005789; GO:0005793; GO:0005829; GO:0005886; GO:0006983; GO:0008180; GO:0009986; GO:0016020; GO:0016887; GO:0019904; GO:0021589; GO:0021680; GO:0030291; GO:0030335; GO:0030496; GO:0030512; GO:0030968; GO:0031072; GO:0031204; GO:0031333; GO:0031398; GO:0031625; GO:0034663; GO:0035437; GO:0036503; GO:0042026; GO:0042149; GO:0042470; GO:0043022; GO:0043066; GO:0043231; GO:0044183; GO:0051085; GO:0051787; GO:0071353; GO:0140662; GO:1903895; GO:1903898,"cellular response to glucose starvation [GO:0042149]; cellular response to interleukin-4 [GO:0071353]; cerebellar Purkinje cell layer development [GO:0021680]; cerebellum structural organization [GO:0021589]; chaperone cofactor-dependent protein refolding [GO:0051085]; endoplasmic reticulum unfolded protein response [GO:0030968]; ER overload response [GO:0006983]; ERAD pathway [GO:0036503]; maintenance of protein localization in endoplasmic reticulum [GO:0035437]; negative regulation of apoptotic process [GO:0043066]; negative regulation of IRE1-mediated unfolded protein response [GO:1903895]; negative regulation of PERK-mediated unfolded protein response [GO:1903898]; negative regulation of protein-containing complex assembly [GO:0031333]; negative regulation of transforming growth factor beta receptor signaling pathway [GO:0030512]; positive regulation of cell migration [GO:0030335]; positive regulation of protein ubiquitination [GO:0031398]; post-translational protein targeting to membrane, translocation [GO:0031204]; protein refolding [GO:0042026]",cell surface [GO:0009986]; COP9 signalosome [GO:0008180]; cytoplasm [GO:0005737]; cytosol [GO:0005829]; endoplasmic reticulum chaperone complex [GO:0034663]; endoplasmic reticulum lumen [GO:0005788]; endoplasmic reticulum membrane [GO:0005789]; endoplasmic reticulum-Golgi intermediate compartment [GO:0005793]; intracellular membrane-bounded organelle [GO:0043231]; melanosome [GO:0042470]; membrane [GO:0016020]; midbody [GO:0030496]; mitochondrion [GO:0005739]; nucleus [GO:0005634]; plasma membrane [GO:0005886],ATP binding [GO:0005524]; ATP hydrolysis activity [GO:0016887]; ATP-dependent protein folding chaperone [GO:0140662]; heat shock protein binding [GO:0031072]; misfolded protein binding [GO:0051787]; protein domain specific binding [GO:0019904]; protein folding chaperone [GO:0044183]; protein serine/threonine kinase inhibitor activity [GO:0030291]; ribosome binding [GO:0043022]; ubiquitin protein ligase binding [GO:0031625],GO:0003824; GO:0005634; GO:0005739; GO:0005829; GO:0005886; GO:0006457; GO:0006886; GO:0016787; GO:0030163; GO:0031410; GO:0043226; GO:0044183; GO:0048856; GO:0055085; GO:0098772; GO:0140657,catalytic activity; nucleus; mitochondrion; cytosol; plasma membrane; protein folding; intracellular protein transport; hydrolase activity; protein catabolic process; cytoplasmic vesicle; organelle; protein folding chaperone; anatomical structure development; transmembrane transport; molecular function regulator activity; ATP-dependent activity
